pair,ema,bol_band,bol_std,result
BTC/USDT,24,50,17,261.16
ETH/USDT,24,50,17,522.18
DOGE/USDT,24,50,17,580.14
NEAR/USDT,24,50,17,103.02
TIA/USDT,24,50,17,-47.44
TAO/USDT,24,50,17,16.89
TON/USDT,24,50,17,-1.26
BTC/USDT,24,50,18,295.64
ETH/USDT,24,50,18,594.73
DOGE/USDT,24,50,18,581.11
NEAR/USDT,24,50,18,88.21
TIA/USDT,24,50,18,-84.29
TAO/USDT,24,50,18,14.28
TON/USDT,24,50,18,-2.32
BTC/USDT,24,50,19,294.41
ETH/USDT,24,50,19,539.97
DOGE/USDT,24,50,19,625.77
NEAR/USDT,24,50,19,34.73
TIA/USDT,24,50,19,-78.09
TAO/USDT,24,50,19,15.26
TON/USDT,24,50,19,-2.32
BTC/USDT,24,50,20,288.03
ETH/USDT,24,50,20,517.32
DOGE/USDT,24,50,20,604.22
NEAR/USDT,24,50,20,10.92
TIA/USDT,24,50,20,-79.51
TAO/USDT,24,50,20,26.19
TON/USDT,24,50,20,-3.25
BTC/USDT,24,50,21,276.42
ETH/USDT,24,50,21,482.42
DOGE/USDT,24,50,21,649.15
NEAR/USDT,24,50,21,-17.56
TIA/USDT,24,50,21,-77.0
TAO/USDT,24,50,21,4.3
TON/USDT,24,50,21,-3.33
BTC/USDT,24,50,22,254.52
ETH/USDT,24,50,22,468.17
DOGE/USDT,24,50,22,623.61
NEAR/USDT,24,50,22,4.04
TIA/USDT,24,50,22,-66.23
TAO/USDT,24,50,22,-6.77
TON/USDT,24,50,22,0.46
ETH/USDT,24,50,23,432.08
BTC/USDT,24,50,23,268.28
DOGE/USDT,24,50,23,582.24
NEAR/USDT,24,50,23,-16.02
TIA/USDT,24,50,23,-55.05
TAO/USDT,24,50,23,-11.91
TON/USDT,24,50,23,-1.07
ETH/USDT,24,50,24,435.7
BTC/USDT,24,50,24,232.06
DOGE/USDT,24,50,24,538.59
NEAR/USDT,24,50,24,-15.15
TIA/USDT,24,50,24,-71.52
TAO/USDT,24,50,24,-13.55
TON/USDT,24,50,24,-1.4
ETH/USDT,24,50,25,373.04
BTC/USDT,24,50,25,245.94
DOGE/USDT,24,50,25,549.68
NEAR/USDT,24,50,25,-38.52
TIA/USDT,24,50,25,-84.96
TAO/USDT,24,50,25,-26.61
TON/USDT,24,50,25,-2.81
ETH/USDT,24,50,26,354.14
BTC/USDT,24,50,26,285.79
DOGE/USDT,24,50,26,555.33
NEAR/USDT,24,50,26,-59.87
TIA/USDT,24,50,26,-96.46
TAO/USDT,24,50,26,-19.44
TON/USDT,24,50,26,-6.81
ETH/USDT,24,50,27,376.22
BTC/USDT,24,50,27,295.9
DOGE/USDT,24,50,27,555.93
NEAR/USDT,24,50,27,-85.62
TIA/USDT,24,50,27,-92.35
TAO/USDT,24,50,27,-12.25
TON/USDT,24,50,27,-11.13
ETH/USDT,24,50,28,442.14
BTC/USDT,24,50,28,283.11
DOGE/USDT,24,50,28,553.51
NEAR/USDT,24,50,28,-123.33
TIA/USDT,24,50,28,-90.88
TAO/USDT,24,50,28,-37.39
TON/USDT,24,50,28,-10.3
BTC/USDT,24,50,29,264.25
ETH/USDT,24,50,29,435.59
DOGE/USDT,24,50,29,527.48
NEAR/USDT,24,50,29,-114.66
TIA/USDT,24,50,29,-64.12
TAO/USDT,24,50,29,-29.15
TON/USDT,24,50,29,-11.53
BTC/USDT,24,51,17,287.93
ETH/USDT,24,51,17,526.1
DOGE/USDT,24,51,17,600.13
NEAR/USDT,24,51,17,103.19
TIA/USDT,24,51,17,-65.5
TAO/USDT,24,51,17,21.52
TON/USDT,24,51,17,-3.23
BTC/USDT,24,51,18,307.73
ETH/USDT,24,51,18,575.42
DOGE/USDT,24,51,18,585.88
NEAR/USDT,24,51,18,90.97
TIA/USDT,24,51,18,-84.65
TAO/USDT,24,51,18,10.47
TON/USDT,24,51,18,-2.32
BTC/USDT,24,51,19,299.0
ETH/USDT,24,51,19,547.66
DOGE/USDT,24,51,19,622.34
NEAR/USDT,24,51,19,69.13
TIA/USDT,24,51,19,-81.91
TAO/USDT,24,51,19,12.23
TON/USDT,24,51,19,-2.32
BTC/USDT,24,51,20,280.46
ETH/USDT,24,51,20,522.44
DOGE/USDT,24,51,20,559.4
NEAR/USDT,24,51,20,14.65
TIA/USDT,24,51,20,-72.29
TAO/USDT,24,51,20,14.91
TON/USDT,24,51,20,-2.28
BTC/USDT,24,51,21,286.71
ETH/USDT,24,51,21,483.83
DOGE/USDT,24,51,21,665.35
NEAR/USDT,24,51,21,-12.36
TIA/USDT,24,51,21,-77.32
TAO/USDT,24,51,21,-0.89
TON/USDT,24,51,21,-3.67
ETH/USDT,24,51,22,443.27
BTC/USDT,24,51,22,266.06
DOGE/USDT,24,51,22,603.96
NEAR/USDT,24,51,22,-4.13
TIA/USDT,24,51,22,-69.49
TAO/USDT,24,51,22,-8.58
TON/USDT,24,51,22,-2.6
ETH/USDT,24,51,23,440.93
BTC/USDT,24,51,23,266.56
DOGE/USDT,24,51,23,602.02
NEAR/USDT,24,51,23,-42.99
TIA/USDT,24,51,23,-56.57
TAO/USDT,24,51,23,-7.72
TON/USDT,24,51,23,-1.45
ETH/USDT,24,51,24,418.88
BTC/USDT,24,51,24,238.68
DOGE/USDT,24,51,24,545.29
NEAR/USDT,24,51,24,-51.69
TIA/USDT,24,51,24,-60.3
TAO/USDT,24,51,24,-11.17
TON/USDT,24,51,24,-0.65
ETH/USDT,24,51,25,377.5
BTC/USDT,24,51,25,246.56
DOGE/USDT,24,51,25,545.99
NEAR/USDT,24,51,25,-39.23
TIA/USDT,24,51,25,-77.91
TAO/USDT,24,51,25,-24.73
TON/USDT,24,51,25,-2.81
ETH/USDT,24,51,26,373.27
BTC/USDT,24,51,26,291.18
DOGE/USDT,24,51,26,545.54
NEAR/USDT,24,51,26,-64.32
TIA/USDT,24,51,26,-93.04
TAO/USDT,24,51,26,-21.3
TON/USDT,24,51,26,-7.56
ETH/USDT,24,51,27,385.64
BTC/USDT,24,51,27,297.18
DOGE/USDT,24,51,27,543.26
NEAR/USDT,24,51,27,-101.1
TIA/USDT,24,51,27,-94.62
TAO/USDT,24,51,27,-31.84
TON/USDT,24,51,27,-11.13
ETH/USDT,24,51,28,426.56
BTC/USDT,24,51,28,290.23
DOGE/USDT,24,51,28,552.47
NEAR/USDT,24,51,28,-108.47
TIA/USDT,24,51,28,-88.9
TAO/USDT,24,51,28,-32.49
TON/USDT,24,51,28,-10.3
BTC/USDT,24,51,29,256.82
ETH/USDT,24,51,29,443.18
DOGE/USDT,24,51,29,514.91
NEAR/USDT,24,51,29,-116.69
TIA/USDT,24,51,29,-73.61
TAO/USDT,24,51,29,-34.91
TON/USDT,24,51,29,-11.53
BTC/USDT,24,52,17,278.05
ETH/USDT,24,52,17,517.13
DOGE/USDT,24,52,17,616.1
NEAR/USDT,24,52,17,104.83
TIA/USDT,24,52,17,-53.86
TAO/USDT,24,52,17,21.65
TON/USDT,24,52,17,-3.23
BTC/USDT,24,52,18,315.57
ETH/USDT,24,52,18,545.96
DOGE/USDT,24,52,18,599.43
NEAR/USDT,24,52,18,85.88
TIA/USDT,24,52,18,-80.23
TAO/USDT,24,52,18,23.28
TON/USDT,24,52,18,-3.74
BTC/USDT,24,52,19,316.2
ETH/USDT,24,52,19,522.19
DOGE/USDT,24,52,19,602.79
NEAR/USDT,24,52,19,19.3
TIA/USDT,24,52,19,-63.74
TAO/USDT,24,52,19,7.32
TON/USDT,24,52,19,-0.6
BTC/USDT,24,52,20,298.49
ETH/USDT,24,52,20,556.5
DOGE/USDT,24,52,20,567.07
NEAR/USDT,24,52,20,20.4
TIA/USDT,24,52,20,-64.79
TAO/USDT,24,52,20,9.75
TON/USDT,24,52,20,-2.42
BTC/USDT,24,52,21,283.96
ETH/USDT,24,52,21,474.04
DOGE/USDT,24,52,21,644.65
NEAR/USDT,24,52,21,-29.79
TIA/USDT,24,52,21,-78.13
TAO/USDT,24,52,21,-0.94
TON/USDT,24,52,21,-4.05
ETH/USDT,24,52,22,450.66
BTC/USDT,24,52,22,283.71
DOGE/USDT,24,52,22,594.55
NEAR/USDT,24,52,22,-29.83
TIA/USDT,24,52,22,-55.58
TAO/USDT,24,52,22,-6.82
TON/USDT,24,52,22,-3.58
ETH/USDT,24,52,23,436.69
BTC/USDT,24,52,23,277.95
DOGE/USDT,24,52,23,589.95
NEAR/USDT,24,52,23,-66.13
TIA/USDT,24,52,23,-58.04
TAO/USDT,24,52,23,-14.07
TON/USDT,24,52,23,-1.55
ETH/USDT,24,52,24,407.43
BTC/USDT,24,52,24,225.58
DOGE/USDT,24,52,24,560.75
NEAR/USDT,24,52,24,-54.52
TIA/USDT,24,52,24,-75.18
TAO/USDT,24,52,24,-11.17
TON/USDT,24,52,24,-0.83
ETH/USDT,24,52,25,357.72
BTC/USDT,24,52,25,263.01
DOGE/USDT,24,52,25,533.96
NEAR/USDT,24,52,25,-8.88
TIA/USDT,24,52,25,-81.66
TAO/USDT,24,52,25,-25.02
TON/USDT,24,52,25,-3.56
ETH/USDT,24,52,26,365.37
BTC/USDT,24,52,26,299.12
DOGE/USDT,24,52,26,550.63
NEAR/USDT,24,52,26,-79.24
TIA/USDT,24,52,26,-98.34
TAO/USDT,24,52,26,-31.42
TON/USDT,24,52,26,-6.57
ETH/USDT,24,52,27,411.44
BTC/USDT,24,52,27,338.36
DOGE/USDT,24,52,27,532.34
NEAR/USDT,24,52,27,-93.73
TIA/USDT,24,52,27,-100.07
TAO/USDT,24,52,27,-34.48
TON/USDT,24,52,27,-11.13
ETH/USDT,24,52,28,431.14
BTC/USDT,24,52,28,317.7
DOGE/USDT,24,52,28,537.88
NEAR/USDT,24,52,28,-86.66
TIA/USDT,24,52,28,-94.56
TAO/USDT,24,52,28,-31.21
TON/USDT,24,52,28,-11.22
BTC/USDT,24,52,29,286.96
ETH/USDT,24,52,29,439.95
DOGE/USDT,24,52,29,535.46
NEAR/USDT,24,52,29,-129.2
TIA/USDT,24,52,29,-66.27
TAO/USDT,24,52,29,-46.5
TON/USDT,24,52,29,-11.53
BTC/USDT,24,53,17,285.51
ETH/USDT,24,53,17,530.12
DOGE/USDT,24,53,17,659.3
NEAR/USDT,24,53,17,104.69
TIA/USDT,24,53,17,-57.21
TAO/USDT,24,53,17,20.31
TON/USDT,24,53,17,-3.23
BTC/USDT,24,53,18,310.32
ETH/USDT,24,53,18,545.01
DOGE/USDT,24,53,18,624.73
NEAR/USDT,24,53,18,69.19
TIA/USDT,24,53,18,-48.57
TAO/USDT,24,53,18,18.6
TON/USDT,24,53,18,-3.74
BTC/USDT,24,53,19,343.45
ETH/USDT,24,53,19,509.83
DOGE/USDT,24,53,19,610.62
NEAR/USDT,24,53,19,11.49
TIA/USDT,24,53,19,-68.18
TAO/USDT,24,53,19,7.42
TON/USDT,24,53,19,-0.6
BTC/USDT,24,53,20,306.29
ETH/USDT,24,53,20,530.59
DOGE/USDT,24,53,20,593.31
NEAR/USDT,24,53,20,-4.88
TIA/USDT,24,53,20,-67.83
TAO/USDT,24,53,20,6.68
TON/USDT,24,53,20,-1.87
ETH/USDT,24,53,21,476.65
BTC/USDT,24,53,21,276.99
DOGE/USDT,24,53,21,637.93
NEAR/USDT,24,53,21,-41.76
TIA/USDT,24,53,21,-73.84
TAO/USDT,24,53,21,5.26
TON/USDT,24,53,21,-4.15
ETH/USDT,24,53,22,454.19
BTC/USDT,24,53,22,294.29
DOGE/USDT,24,53,22,604.27
NEAR/USDT,24,53,22,-50.09
TIA/USDT,24,53,22,-63.65
TAO/USDT,24,53,22,-8.78
TON/USDT,24,53,22,-3.68
ETH/USDT,24,53,23,434.12
BTC/USDT,24,53,23,272.86
DOGE/USDT,24,53,23,600.1
NEAR/USDT,24,53,23,-80.68
TIA/USDT,24,53,23,-80.3
TAO/USDT,24,53,23,-24.27
TON/USDT,24,53,23,-1.25
ETH/USDT,24,53,24,418.48
BTC/USDT,24,53,24,246.89
DOGE/USDT,24,53,24,569.61
NEAR/USDT,24,53,24,-21.7
TIA/USDT,24,53,24,-80.92
TAO/USDT,24,53,24,-20.83
TON/USDT,24,53,24,-2.2
ETH/USDT,24,53,25,356.47
BTC/USDT,24,53,25,257.2
DOGE/USDT,24,53,25,548.59
NEAR/USDT,24,53,25,-30.99
TIA/USDT,24,53,25,-88.83
TAO/USDT,24,53,25,-23.97
TON/USDT,24,53,25,-3.56
ETH/USDT,24,53,26,361.55
BTC/USDT,24,53,26,288.86
DOGE/USDT,24,53,26,515.67
NEAR/USDT,24,53,26,-67.93
TIA/USDT,24,53,26,-96.13
TAO/USDT,24,53,26,-33.94
TON/USDT,24,53,26,-3.75
ETH/USDT,24,53,27,390.33
BTC/USDT,24,53,27,336.6
DOGE/USDT,24,53,27,490.65
NEAR/USDT,24,53,27,-50.86
TIA/USDT,24,53,27,-100.32
TAO/USDT,24,53,27,-29.27
TON/USDT,24,53,27,-11.13
ETH/USDT,24,53,28,409.91
BTC/USDT,24,53,28,305.8
DOGE/USDT,24,53,28,554.37
NEAR/USDT,24,53,28,-62.6
TIA/USDT,24,53,28,-92.9
TAO/USDT,24,53,28,-49.29
TON/USDT,24,53,28,-11.22
BTC/USDT,24,53,29,245.39
ETH/USDT,24,53,29,441.96
DOGE/USDT,24,53,29,543.11
NEAR/USDT,24,53,29,-141.58
TIA/USDT,24,53,29,-69.56
TAO/USDT,24,53,29,-48.21
TON/USDT,24,53,29,-11.53
BTC/USDT,24,54,17,282.64
ETH/USDT,24,54,17,471.25
DOGE/USDT,24,54,17,637.36
NEAR/USDT,24,54,17,95.73
TIA/USDT,24,54,17,-49.02
TAO/USDT,24,54,17,18.12
TON/USDT,24,54,17,-3.23
BTC/USDT,24,54,18,293.47
ETH/USDT,24,54,18,537.4
DOGE/USDT,24,54,18,621.7
NEAR/USDT,24,54,18,53.99
TIA/USDT,24,54,18,-29.61
TAO/USDT,24,54,18,24.24
TON/USDT,24,54,18,-3.36
BTC/USDT,24,54,19,333.1
ETH/USDT,24,54,19,491.98
DOGE/USDT,24,54,19,590.6
NEAR/USDT,24,54,19,-3.92
TIA/USDT,24,54,19,-67.69
TAO/USDT,24,54,19,8.83
TON/USDT,24,54,19,-0.98
BTC/USDT,24,54,20,310.05
ETH/USDT,24,54,20,519.06
DOGE/USDT,24,54,20,599.06
NEAR/USDT,24,54,20,-20.56
TIA/USDT,24,54,20,-62.99
TAO/USDT,24,54,20,9.51
TON/USDT,24,54,20,-1.08
ETH/USDT,24,54,21,476.67
BTC/USDT,24,54,21,307.08
DOGE/USDT,24,54,21,616.86
NEAR/USDT,24,54,21,-36.75
TIA/USDT,24,54,21,-81.89
TAO/USDT,24,54,21,2.23
TON/USDT,24,54,21,-3.26
ETH/USDT,24,54,22,446.37
BTC/USDT,24,54,22,283.67
DOGE/USDT,24,54,22,602.26
NEAR/USDT,24,54,22,-66.86
TIA/USDT,24,54,22,-74.3
TAO/USDT,24,54,22,-16.53
TON/USDT,24,54,22,-2.23
ETH/USDT,24,54,23,442.93
BTC/USDT,24,54,23,269.99
DOGE/USDT,24,54,23,564.96
NEAR/USDT,24,54,23,-77.82
TIA/USDT,24,54,23,-84.23
TAO/USDT,24,54,23,-24.56
TON/USDT,24,54,23,-2.27
ETH/USDT,24,54,24,395.02
BTC/USDT,24,54,24,244.33
DOGE/USDT,24,54,24,549.34
NEAR/USDT,24,54,24,-9.52
TIA/USDT,24,54,24,-80.15
TAO/USDT,24,54,24,-22.26
TON/USDT,24,54,24,-2.35
ETH/USDT,24,54,25,362.3
BTC/USDT,24,54,25,257.15
DOGE/USDT,24,54,25,522.88
NEAR/USDT,24,54,25,-27.49
TIA/USDT,24,54,25,-90.2
TAO/USDT,24,54,25,-32.08
TON/USDT,24,54,25,-3.56
ETH/USDT,24,54,26,383.83
BTC/USDT,24,54,26,296.58
DOGE/USDT,24,54,26,514.6
NEAR/USDT,24,54,26,-70.65
TIA/USDT,24,54,26,-97.31
TAO/USDT,24,54,26,-39.76
TON/USDT,24,54,26,-5.88
ETH/USDT,24,54,27,405.04
BTC/USDT,24,54,27,314.08
DOGE/USDT,24,54,27,495.75
NEAR/USDT,24,54,27,-77.61
TIA/USDT,24,54,27,-94.65
TAO/USDT,24,54,27,-44.89
TON/USDT,24,54,27,-11.13
ETH/USDT,24,54,28,416.19
BTC/USDT,24,54,28,291.47
DOGE/USDT,24,54,28,531.26
NEAR/USDT,24,54,28,-91.59
TIA/USDT,24,54,28,-100.88
TAO/USDT,24,54,28,-50.53
TON/USDT,24,54,28,-11.22
BTC/USDT,24,54,29,250.85
ETH/USDT,24,54,29,404.21
DOGE/USDT,24,54,29,522.23
NEAR/USDT,24,54,29,-135.03
TIA/USDT,24,54,29,-58.6
TAO/USDT,24,54,29,-38.68
TON/USDT,24,54,29,-11.53
ETH/USDT,24,55,17,493.0
BTC/USDT,24,55,17,289.03
DOGE/USDT,24,55,17,619.85
NEAR/USDT,24,55,17,85.09
TIA/USDT,24,55,17,-57.81
TAO/USDT,24,55,17,17.79
TON/USDT,24,55,17,-3.23
BTC/USDT,24,55,18,280.79
ETH/USDT,24,55,18,516.97
DOGE/USDT,24,55,18,612.14
NEAR/USDT,24,55,18,29.71
TIA/USDT,24,55,18,-49.42
TAO/USDT,24,55,18,31.14
TON/USDT,24,55,18,-3.75
BTC/USDT,24,55,19,338.57
ETH/USDT,24,55,19,498.8
DOGE/USDT,24,55,19,587.02
NEAR/USDT,24,55,19,-13.33
TIA/USDT,24,55,19,-65.04
TAO/USDT,24,55,19,11.99
TON/USDT,24,55,19,-1.08
BTC/USDT,24,55,20,326.42
ETH/USDT,24,55,20,515.14
DOGE/USDT,24,55,20,599.93
NEAR/USDT,24,55,20,-17.75
TIA/USDT,24,55,20,-75.87
TAO/USDT,24,55,20,9.51
TON/USDT,24,55,20,-1.45
BTC/USDT,24,55,21,317.29
ETH/USDT,24,55,21,509.49
DOGE/USDT,24,55,21,603.06
NEAR/USDT,24,55,21,-50.77
TIA/USDT,24,55,21,-87.5
TAO/USDT,24,55,21,-7.99
TON/USDT,24,55,21,-3.74
ETH/USDT,24,55,22,467.0
BTC/USDT,24,55,22,283.12
DOGE/USDT,24,55,22,560.72
NEAR/USDT,24,55,22,-71.36
TIA/USDT,24,55,22,-81.31
TAO/USDT,24,55,22,-14.1
TON/USDT,24,55,22,-2.08
ETH/USDT,24,55,23,425.85
BTC/USDT,24,55,23,252.66
DOGE/USDT,24,55,23,555.96
NEAR/USDT,24,55,23,-92.06
TIA/USDT,24,55,23,-87.65
TAO/USDT,24,55,23,-26.32
TON/USDT,24,55,23,-2.27
ETH/USDT,24,55,24,406.2
BTC/USDT,24,55,24,248.14
DOGE/USDT,24,55,24,567.27
NEAR/USDT,24,55,24,-52.68
TIA/USDT,24,55,24,-82.9
TAO/USDT,24,55,24,-33.61
TON/USDT,24,55,24,-2.35
ETH/USDT,24,55,25,374.99
BTC/USDT,24,55,25,262.99
DOGE/USDT,24,55,25,489.92
NEAR/USDT,24,55,25,-36.06
TIA/USDT,24,55,25,-88.57
TAO/USDT,24,55,25,-36.22
TON/USDT,24,55,25,-3.84
ETH/USDT,24,55,26,366.16
BTC/USDT,24,55,26,292.81
DOGE/USDT,24,55,26,513.84
NEAR/USDT,24,55,26,-79.68
TIA/USDT,24,55,26,-94.06
TAO/USDT,24,55,26,-45.34
TON/USDT,24,55,26,-8.11
ETH/USDT,24,55,27,388.31
BTC/USDT,24,55,27,288.6
DOGE/USDT,24,55,27,499.15
NEAR/USDT,24,55,27,-66.09
TIA/USDT,24,55,27,-94.86
TAO/USDT,24,55,27,-49.96
TON/USDT,24,55,27,-12.04
ETH/USDT,24,55,28,406.57
BTC/USDT,24,55,28,278.89
DOGE/USDT,24,55,28,540.98
NEAR/USDT,24,55,28,-98.67
TIA/USDT,24,55,28,-82.33
TAO/USDT,24,55,28,-41.01
TON/USDT,24,55,28,-10.13
ETH/USDT,24,55,29,367.6
BTC/USDT,24,55,29,262.24
DOGE/USDT,24,55,29,540.19
NEAR/USDT,24,55,29,-111.1
TIA/USDT,24,55,29,-72.29
TAO/USDT,24,55,29,-40.07
TON/USDT,24,55,29,-10.64
ETH/USDT,24,56,17,494.0
BTC/USDT,24,56,17,279.85
DOGE/USDT,24,56,17,607.28
NEAR/USDT,24,56,17,37.41
TIA/USDT,24,56,17,-54.77
TAO/USDT,24,56,17,6.63
TON/USDT,24,56,17,-6.24
BTC/USDT,24,56,18,301.1
ETH/USDT,24,56,18,500.44
DOGE/USDT,24,56,18,574.55
NEAR/USDT,24,56,18,53.43
TIA/USDT,24,56,18,-49.94
TAO/USDT,24,56,18,16.3
TON/USDT,24,56,18,-3.75
BTC/USDT,24,56,19,347.23
ETH/USDT,24,56,19,499.65
DOGE/USDT,24,56,19,591.79
NEAR/USDT,24,56,19,-29.53
TIA/USDT,24,56,19,-64.19
TAO/USDT,24,56,19,8.44
TON/USDT,24,56,19,-1.5
BTC/USDT,24,56,20,302.22
ETH/USDT,24,56,20,518.34
DOGE/USDT,24,56,20,589.13
NEAR/USDT,24,56,20,-54.31
TIA/USDT,24,56,20,-77.3
TAO/USDT,24,56,20,-0.12
TON/USDT,24,56,20,-1.93
BTC/USDT,24,56,21,308.81
ETH/USDT,24,56,21,468.72
DOGE/USDT,24,56,21,572.27
NEAR/USDT,24,56,21,-46.35
TIA/USDT,24,56,21,-73.17
TAO/USDT,24,56,21,-21.3
TON/USDT,24,56,21,-4.77
ETH/USDT,24,56,22,462.85
BTC/USDT,24,56,22,296.87
DOGE/USDT,24,56,22,580.33
NEAR/USDT,24,56,22,-89.1
TIA/USDT,24,56,22,-76.78
TAO/USDT,24,56,22,-22.22
TON/USDT,24,56,22,-2.08
ETH/USDT,24,56,23,433.75
BTC/USDT,24,56,23,263.58
DOGE/USDT,24,56,23,548.64
NEAR/USDT,24,56,23,-96.77
TIA/USDT,24,56,23,-83.43
TAO/USDT,24,56,23,-23.65
TON/USDT,24,56,23,-3.25
ETH/USDT,24,56,24,399.43
BTC/USDT,24,56,24,250.96
DOGE/USDT,24,56,24,563.37
NEAR/USDT,24,56,24,-63.12
TIA/USDT,24,56,24,-84.38
TAO/USDT,24,56,24,-36.0
TON/USDT,24,56,24,-3.49
ETH/USDT,24,56,25,385.6
BTC/USDT,24,56,25,261.49
DOGE/USDT,24,56,25,522.82
NEAR/USDT,24,56,25,-29.52
TIA/USDT,24,56,25,-72.55
TAO/USDT,24,56,25,-39.38
TON/USDT,24,56,25,-3.97
ETH/USDT,24,56,26,374.98
BTC/USDT,24,56,26,281.2
DOGE/USDT,24,56,26,503.93
NEAR/USDT,24,56,26,-81.96
TIA/USDT,24,56,26,-87.65
TAO/USDT,24,56,26,-56.97
TON/USDT,24,56,26,-8.11
ETH/USDT,24,56,27,396.63
BTC/USDT,24,56,27,320.45
DOGE/USDT,24,56,27,513.45
NEAR/USDT,24,56,27,-58.45
TIA/USDT,24,56,27,-89.8
TAO/USDT,24,56,27,-48.02
TON/USDT,24,56,27,-12.04
ETH/USDT,24,56,28,398.6
BTC/USDT,24,56,28,285.65
DOGE/USDT,24,56,28,537.45
NEAR/USDT,24,56,28,-84.51
TIA/USDT,24,56,28,-87.11
TAO/USDT,24,56,28,-40.64
TON/USDT,24,56,28,-10.32
ETH/USDT,24,56,29,386.84
BTC/USDT,24,56,29,267.29
DOGE/USDT,24,56,29,535.77
NEAR/USDT,24,56,29,-126.17
TIA/USDT,24,56,29,-65.03
TAO/USDT,24,56,29,-38.61
TON/USDT,24,56,29,-10.64
ETH/USDT,24,57,17,476.42
BTC/USDT,24,57,17,299.95
DOGE/USDT,24,57,17,587.31
NEAR/USDT,24,57,17,43.2
TIA/USDT,24,57,17,-59.92
TAO/USDT,24,57,17,5.96
TON/USDT,24,57,17,-8.24
BTC/USDT,24,57,18,293.5
ETH/USDT,24,57,18,470.17
DOGE/USDT,24,57,18,579.5
NEAR/USDT,24,57,18,19.1
TIA/USDT,24,57,18,-64.9
TAO/USDT,24,57,18,23.21
TON/USDT,24,57,18,-2.42
BTC/USDT,24,57,19,324.09
ETH/USDT,24,57,19,470.21
DOGE/USDT,24,57,19,578.52
NEAR/USDT,24,57,19,-30.69
TIA/USDT,24,57,19,-65.21
TAO/USDT,24,57,19,1.68
TON/USDT,24,57,19,-1.56
BTC/USDT,24,57,20,309.62
ETH/USDT,24,57,20,494.87
DOGE/USDT,24,57,20,597.14
NEAR/USDT,24,57,20,-65.79
TIA/USDT,24,57,20,-80.34
TAO/USDT,24,57,20,-19.42
TON/USDT,24,57,20,-3.84
BTC/USDT,24,57,21,301.01
ETH/USDT,24,57,21,460.78
DOGE/USDT,24,57,21,556.77
NEAR/USDT,24,57,21,-76.1
TIA/USDT,24,57,21,-78.33
TAO/USDT,24,57,21,-27.01
TON/USDT,24,57,21,-3.84
ETH/USDT,24,57,22,449.77
BTC/USDT,24,57,22,290.74
DOGE/USDT,24,57,22,581.88
NEAR/USDT,24,57,22,-81.62
TIA/USDT,24,57,22,-79.75
TAO/USDT,24,57,22,-27.77
TON/USDT,24,57,22,-3.25
ETH/USDT,24,57,23,421.51
BTC/USDT,24,57,23,285.24
DOGE/USDT,24,57,23,546.06
NEAR/USDT,24,57,23,-86.73
TIA/USDT,24,57,23,-80.35
TAO/USDT,24,57,23,-22.84
TON/USDT,24,57,23,-4.52
ETH/USDT,24,57,24,384.4
BTC/USDT,24,57,24,294.2
DOGE/USDT,24,57,24,555.37
NEAR/USDT,24,57,24,-42.74
TIA/USDT,24,57,24,-73.53
TAO/USDT,24,57,24,-38.02
TON/USDT,24,57,24,-3.62
ETH/USDT,24,57,25,384.61
BTC/USDT,24,57,25,275.23
DOGE/USDT,24,57,25,522.83
NEAR/USDT,24,57,25,-28.05
TIA/USDT,24,57,25,-69.61
TAO/USDT,24,57,25,-38.35
TON/USDT,24,57,25,-3.97
ETH/USDT,24,57,26,364.2
BTC/USDT,24,57,26,293.8
DOGE/USDT,24,57,26,485.31
NEAR/USDT,24,57,26,-34.88
TIA/USDT,24,57,26,-83.55
TAO/USDT,24,57,26,-51.09
TON/USDT,24,57,26,-6.43
ETH/USDT,24,57,27,381.98
BTC/USDT,24,57,27,323.48
DOGE/USDT,24,57,27,494.31
NEAR/USDT,24,57,27,-88.22
TIA/USDT,24,57,27,-88.77
TAO/USDT,24,57,27,-47.45
TON/USDT,24,57,27,-9.29
ETH/USDT,24,57,28,379.35
BTC/USDT,24,57,28,278.91
DOGE/USDT,24,57,28,474.37
NEAR/USDT,24,57,28,-59.27
TIA/USDT,24,57,28,-75.69
TAO/USDT,24,57,28,-48.41
TON/USDT,24,57,28,-10.32
ETH/USDT,24,57,29,391.39
BTC/USDT,24,57,29,253.58
DOGE/USDT,24,57,29,556.82
NEAR/USDT,24,57,29,-107.51
TIA/USDT,24,57,29,-64.93
TAO/USDT,24,57,29,-46.24
TON/USDT,24,57,29,-12.7
ETH/USDT,24,58,17,472.27
BTC/USDT,24,58,17,289.48
DOGE/USDT,24,58,17,596.74
NEAR/USDT,24,58,17,13.46
TIA/USDT,24,58,17,-56.04
TAO/USDT,24,58,17,15.61
TON/USDT,24,58,17,-8.24
BTC/USDT,24,58,18,302.51
ETH/USDT,24,58,18,455.92
DOGE/USDT,24,58,18,582.64
NEAR/USDT,24,58,18,12.28
TIA/USDT,24,58,18,-62.88
TAO/USDT,24,58,18,15.76
TON/USDT,24,58,18,-2.85
BTC/USDT,24,58,19,290.76
ETH/USDT,24,58,19,455.02
DOGE/USDT,24,58,19,599.94
NEAR/USDT,24,58,19,-30.59
TIA/USDT,24,58,19,-53.52
TAO/USDT,24,58,19,-6.35
TON/USDT,24,58,19,-2.59
BTC/USDT,24,58,20,301.06
ETH/USDT,24,58,20,490.27
DOGE/USDT,24,58,20,568.55
NEAR/USDT,24,58,20,-70.51
TIA/USDT,24,58,20,-75.91
TAO/USDT,24,58,20,-16.81
TON/USDT,24,58,20,-3.84
BTC/USDT,24,58,21,301.57
ETH/USDT,24,58,21,478.97
DOGE/USDT,24,58,21,556.04
NEAR/USDT,24,58,21,-64.15
TIA/USDT,24,58,21,-80.96
TAO/USDT,24,58,21,-27.01
TON/USDT,24,58,21,-3.84
ETH/USDT,24,58,22,453.75
BTC/USDT,24,58,22,284.85
DOGE/USDT,24,58,22,586.6
NEAR/USDT,24,58,22,-83.46
TIA/USDT,24,58,22,-77.73
TAO/USDT,24,58,22,-25.4
TON/USDT,24,58,22,-4.38
ETH/USDT,24,58,23,437.05
BTC/USDT,24,58,23,268.11
DOGE/USDT,24,58,23,550.82
NEAR/USDT,24,58,23,-75.29
TIA/USDT,24,58,23,-89.18
TAO/USDT,24,58,23,-22.84
TON/USDT,24,58,23,-4.52
ETH/USDT,24,58,24,393.41
BTC/USDT,24,58,24,305.83
DOGE/USDT,24,58,24,551.61
NEAR/USDT,24,58,24,-29.48
TIA/USDT,24,58,24,-66.03
TAO/USDT,24,58,24,-47.6
TON/USDT,24,58,24,-3.26
ETH/USDT,24,58,25,398.21
BTC/USDT,24,58,25,289.99
DOGE/USDT,24,58,25,497.41
NEAR/USDT,24,58,25,15.36
TIA/USDT,24,58,25,-66.02
TAO/USDT,24,58,25,-34.02
TON/USDT,24,58,25,-3.08
ETH/USDT,24,58,26,344.89
BTC/USDT,24,58,26,280.77
DOGE/USDT,24,58,26,479.85
NEAR/USDT,24,58,26,19.96
TIA/USDT,24,58,26,-72.55
TAO/USDT,24,58,26,-58.01
TON/USDT,24,58,26,-7.42
ETH/USDT,24,58,27,400.32
BTC/USDT,24,58,27,302.29
DOGE/USDT,24,58,27,487.54
NEAR/USDT,24,58,27,-65.02
TIA/USDT,24,58,27,-95.08
TAO/USDT,24,58,27,-50.81
TON/USDT,24,58,27,-9.29
ETH/USDT,24,58,28,389.02
BTC/USDT,24,58,28,291.42
DOGE/USDT,24,58,28,456.68
NEAR/USDT,24,58,28,-43.78
TIA/USDT,24,58,28,-63.91
TAO/USDT,24,58,28,-54.65
TON/USDT,24,58,28,-12.39
ETH/USDT,24,58,29,374.48
BTC/USDT,24,58,29,263.44
DOGE/USDT,24,58,29,508.94
NEAR/USDT,24,58,29,-81.8
TIA/USDT,24,58,29,-62.82
TAO/USDT,24,58,29,-46.24
TON/USDT,24,58,29,-12.7
ETH/USDT,24,59,17,455.54
BTC/USDT,24,59,17,293.1
DOGE/USDT,24,59,17,590.24
NEAR/USDT,24,59,17,2.03
TIA/USDT,24,59,17,-48.06
TAO/USDT,24,59,17,7.95
TON/USDT,24,59,17,-7.59
BTC/USDT,24,59,18,281.29
ETH/USDT,24,59,18,442.99
DOGE/USDT,24,59,18,597.31
NEAR/USDT,24,59,18,23.09
TIA/USDT,24,59,18,-64.62
TAO/USDT,24,59,18,5.82
TON/USDT,24,59,18,-2.94
BTC/USDT,24,59,19,279.42
ETH/USDT,24,59,19,446.76
DOGE/USDT,24,59,19,597.54
NEAR/USDT,24,59,19,-18.26
TIA/USDT,24,59,19,-51.58
TAO/USDT,24,59,19,-6.97
TON/USDT,24,59,19,-4.45
BTC/USDT,24,59,20,314.49
ETH/USDT,24,59,20,470.27
DOGE/USDT,24,59,20,547.38
NEAR/USDT,24,59,20,-56.7
TIA/USDT,24,59,20,-66.08
TAO/USDT,24,59,20,-23.64
TON/USDT,24,59,20,-3.84
BTC/USDT,24,59,21,307.0
ETH/USDT,24,59,21,495.3
DOGE/USDT,24,59,21,563.67
NEAR/USDT,24,59,21,-55.84
TIA/USDT,24,59,21,-73.3
TAO/USDT,24,59,21,-32.27
TON/USDT,24,59,21,-3.47
BTC/USDT,24,59,22,301.57
ETH/USDT,24,59,22,466.41
DOGE/USDT,24,59,22,556.38
NEAR/USDT,24,59,22,-76.83
TIA/USDT,24,59,22,-69.56
TAO/USDT,24,59,22,-28.78
TON/USDT,24,59,22,-3.64
ETH/USDT,24,59,23,429.36
BTC/USDT,24,59,23,280.2
DOGE/USDT,24,59,23,541.87
NEAR/USDT,24,59,23,-44.35
TIA/USDT,24,59,23,-84.09
TAO/USDT,24,59,23,-26.38
TON/USDT,24,59,23,-5.34
BTC/USDT,24,59,24,304.29
ETH/USDT,24,59,24,393.87
DOGE/USDT,24,59,24,540.85
NEAR/USDT,24,59,24,-47.43
TIA/USDT,24,59,24,-79.3
TAO/USDT,24,59,24,-32.18
TON/USDT,24,59,24,-3.46
ETH/USDT,24,59,25,372.21
BTC/USDT,24,59,25,288.63
DOGE/USDT,24,59,25,530.89
NEAR/USDT,24,59,25,35.28
TIA/USDT,24,59,25,-64.09
TAO/USDT,24,59,25,-32.54
TON/USDT,24,59,25,-5.38
ETH/USDT,24,59,26,358.75
BTC/USDT,24,59,26,282.67
DOGE/USDT,24,59,26,476.61
NEAR/USDT,24,59,26,2.21
TIA/USDT,24,59,26,-72.9
TAO/USDT,24,59,26,-55.84
TON/USDT,24,59,26,-7.89
ETH/USDT,24,59,27,402.92
BTC/USDT,24,59,27,290.6
DOGE/USDT,24,59,27,481.69
NEAR/USDT,24,59,27,-47.18
TIA/USDT,24,59,27,-80.58
TAO/USDT,24,59,27,-60.42
TON/USDT,24,59,27,-10.34
ETH/USDT,24,59,28,386.67
BTC/USDT,24,59,28,285.93
DOGE/USDT,24,59,28,455.91
NEAR/USDT,24,59,28,-48.06
TIA/USDT,24,59,28,-70.47
TAO/USDT,24,59,28,-54.65
TON/USDT,24,59,28,-12.39
ETH/USDT,24,59,29,369.94
BTC/USDT,24,59,29,273.06
DOGE/USDT,24,59,29,498.83
NEAR/USDT,24,59,29,-85.56
TIA/USDT,24,59,29,-59.71
TAO/USDT,24,59,29,-46.24
TON/USDT,24,59,29,-12.16
ETH/USDT,24,60,17,424.31
BTC/USDT,24,60,17,293.35
DOGE/USDT,24,60,17,600.44
NEAR/USDT,24,60,17,-21.78
TIA/USDT,24,60,17,-56.23
TAO/USDT,24,60,17,11.04
TON/USDT,24,60,17,-7.44
ETH/USDT,24,60,18,458.46
BTC/USDT,24,60,18,275.24
DOGE/USDT,24,60,18,619.95
NEAR/USDT,24,60,18,26.73
TIA/USDT,24,60,18,-65.11
TAO/USDT,24,60,18,3.64
TON/USDT,24,60,18,-4.45
BTC/USDT,24,60,19,291.81
ETH/USDT,24,60,19,453.36
DOGE/USDT,24,60,19,561.37
NEAR/USDT,24,60,19,-32.51
TIA/USDT,24,60,19,-55.66
TAO/USDT,24,60,19,-5.35
TON/USDT,24,60,19,-4.45
BTC/USDT,24,60,20,310.65
ETH/USDT,24,60,20,497.19
DOGE/USDT,24,60,20,527.53
NEAR/USDT,24,60,20,-62.34
TIA/USDT,24,60,20,-70.45
TAO/USDT,24,60,20,-28.82
TON/USDT,24,60,20,-3.84
BTC/USDT,24,60,21,297.61
ETH/USDT,24,60,21,494.68
DOGE/USDT,24,60,21,567.82
NEAR/USDT,24,60,21,-26.45
TIA/USDT,24,60,21,-72.92
TAO/USDT,24,60,21,-35.66
TON/USDT,24,60,21,-3.47
BTC/USDT,24,60,22,307.26
ETH/USDT,24,60,22,465.22
DOGE/USDT,24,60,22,522.17
NEAR/USDT,24,60,22,-68.83
TIA/USDT,24,60,22,-57.52
TAO/USDT,24,60,22,-28.78
TON/USDT,24,60,22,-3.83
ETH/USDT,24,60,23,408.49
BTC/USDT,24,60,23,277.36
DOGE/USDT,24,60,23,528.97
NEAR/USDT,24,60,23,-21.6
TIA/USDT,24,60,23,-81.38
TAO/USDT,24,60,23,-19.65
TON/USDT,24,60,23,-5.34
BTC/USDT,24,60,24,287.35
ETH/USDT,24,60,24,429.5
DOGE/USDT,24,60,24,536.62
NEAR/USDT,24,60,24,-48.27
TIA/USDT,24,60,24,-77.71
TAO/USDT,24,60,24,-33.63
TON/USDT,24,60,24,-6.82
ETH/USDT,24,60,25,411.8
BTC/USDT,24,60,25,262.97
DOGE/USDT,24,60,25,522.43
NEAR/USDT,24,60,25,25.74
TIA/USDT,24,60,25,-64.23
TAO/USDT,24,60,25,-26.51
TON/USDT,24,60,25,-5.38
ETH/USDT,24,60,26,388.95
BTC/USDT,24,60,26,263.43
DOGE/USDT,24,60,26,478.68
NEAR/USDT,24,60,26,11.02
TIA/USDT,24,60,26,-75.42
TAO/USDT,24,60,26,-54.09
TON/USDT,24,60,26,-7.62
ETH/USDT,24,60,27,400.87
BTC/USDT,24,60,27,300.45
DOGE/USDT,24,60,27,473.21
NEAR/USDT,24,60,27,-43.95
TIA/USDT,24,60,27,-74.49
TAO/USDT,24,60,27,-62.3
TON/USDT,24,60,27,-10.34
ETH/USDT,24,60,28,374.13
BTC/USDT,24,60,28,278.4
DOGE/USDT,24,60,28,491.64
NEAR/USDT,24,60,28,-71.69
TIA/USDT,24,60,28,-67.48
TAO/USDT,24,60,28,-54.65
TON/USDT,24,60,28,-13.79
ETH/USDT,24,60,29,371.13
BTC/USDT,24,60,29,270.48
DOGE/USDT,24,60,29,500.05
NEAR/USDT,24,60,29,-83.73
TIA/USDT,24,60,29,-59.15
TAO/USDT,24,60,29,-49.1
TON/USDT,24,60,29,-12.16
ETH/USDT,24,61,17,445.41
BTC/USDT,24,61,17,285.4
DOGE/USDT,24,61,17,606.2
NEAR/USDT,24,61,17,13.82
TIA/USDT,24,61,17,-61.86
TAO/USDT,24,61,17,4.95
TON/USDT,24,61,17,-7.54
ETH/USDT,24,61,18,442.32
BTC/USDT,24,61,18,267.38
DOGE/USDT,24,61,18,608.06
NEAR/USDT,24,61,18,23.59
TIA/USDT,24,61,18,-48.18
TAO/USDT,24,61,18,5.28
TON/USDT,24,61,18,-4.45
BTC/USDT,24,61,19,290.49
ETH/USDT,24,61,19,464.44
DOGE/USDT,24,61,19,559.24
NEAR/USDT,24,61,19,-38.06
TIA/USDT,24,61,19,-49.45
TAO/USDT,24,61,19,-10.18
TON/USDT,24,61,19,-5.34
BTC/USDT,24,61,20,307.42
ETH/USDT,24,61,20,514.82
DOGE/USDT,24,61,20,524.03
NEAR/USDT,24,61,20,-71.95
TIA/USDT,24,61,20,-65.16
TAO/USDT,24,61,20,-26.82
TON/USDT,24,61,20,-4.98
BTC/USDT,24,61,21,302.79
ETH/USDT,24,61,21,510.04
DOGE/USDT,24,61,21,555.7
NEAR/USDT,24,61,21,-35.6
TIA/USDT,24,61,21,-64.76
TAO/USDT,24,61,21,-34.82
TON/USDT,24,61,21,-5.31
BTC/USDT,24,61,22,302.59
ETH/USDT,24,61,22,442.33
DOGE/USDT,24,61,22,508.49
NEAR/USDT,24,61,22,-48.22
TIA/USDT,24,61,22,-65.81
TAO/USDT,24,61,22,-29.35
TON/USDT,24,61,22,-5.9
ETH/USDT,24,61,23,422.52
BTC/USDT,24,61,23,276.72
DOGE/USDT,24,61,23,525.59
NEAR/USDT,24,61,23,-33.1
TIA/USDT,24,61,23,-79.77
TAO/USDT,24,61,23,-19.19
TON/USDT,24,61,23,-6.7
BTC/USDT,24,61,24,270.55
ETH/USDT,24,61,24,441.78
DOGE/USDT,24,61,24,528.48
NEAR/USDT,24,61,24,-20.0
TIA/USDT,24,61,24,-79.4
TAO/USDT,24,61,24,-29.41
TON/USDT,24,61,24,-6.94
ETH/USDT,24,61,25,434.08
BTC/USDT,24,61,25,246.31
DOGE/USDT,24,61,25,532.23
NEAR/USDT,24,61,25,21.18
TIA/USDT,24,61,25,-63.96
TAO/USDT,24,61,25,-36.21
TON/USDT,24,61,25,-6.43
ETH/USDT,24,61,26,398.41
BTC/USDT,24,61,26,265.41
DOGE/USDT,24,61,26,492.11
NEAR/USDT,24,61,26,-4.99
TIA/USDT,24,61,26,-70.62
TAO/USDT,24,61,26,-59.91
TON/USDT,24,61,26,-7.62
ETH/USDT,24,61,27,394.49
BTC/USDT,24,61,27,302.19
DOGE/USDT,24,61,27,477.7
NEAR/USDT,24,61,27,-57.28
TIA/USDT,24,61,27,-67.06
TAO/USDT,24,61,27,-60.46
TON/USDT,24,61,27,-11.74
ETH/USDT,24,61,28,366.9
BTC/USDT,24,61,28,265.96
DOGE/USDT,24,61,28,462.06
NEAR/USDT,24,61,28,-91.37
TIA/USDT,24,61,28,-65.28
TAO/USDT,24,61,28,-53.88
TON/USDT,24,61,28,-13.16
ETH/USDT,24,61,29,361.69
BTC/USDT,24,61,29,272.97
DOGE/USDT,24,61,29,418.73
NEAR/USDT,24,61,29,-63.0
TIA/USDT,24,61,29,-60.71
TAO/USDT,24,61,29,-45.17
TON/USDT,24,61,29,-12.16
ETH/USDT,24,62,17,467.44
BTC/USDT,24,62,17,263.01
DOGE/USDT,24,62,17,595.32
NEAR/USDT,24,62,17,2.31
TIA/USDT,24,62,17,-59.77
TAO/USDT,24,62,17,-2.06
TON/USDT,24,62,17,-8.6
ETH/USDT,24,62,18,434.48
BTC/USDT,24,62,18,273.58
DOGE/USDT,24,62,18,595.42
NEAR/USDT,24,62,18,1.58
TIA/USDT,24,62,18,-41.64
TAO/USDT,24,62,18,-4.43
TON/USDT,24,62,18,-4.45
BTC/USDT,24,62,19,287.03
ETH/USDT,24,62,19,475.81
DOGE/USDT,24,62,19,542.49
NEAR/USDT,24,62,19,-9.39
TIA/USDT,24,62,19,-49.58
TAO/USDT,24,62,19,-19.41
TON/USDT,24,62,19,-5.34
BTC/USDT,24,62,20,304.5
ETH/USDT,24,62,20,506.05
DOGE/USDT,24,62,20,517.71
NEAR/USDT,24,62,20,-74.85
TIA/USDT,24,62,20,-66.68
TAO/USDT,24,62,20,-35.43
TON/USDT,24,62,20,-5.31
BTC/USDT,24,62,21,306.73
ETH/USDT,24,62,21,521.71
DOGE/USDT,24,62,21,564.33
NEAR/USDT,24,62,21,-49.34
TIA/USDT,24,62,21,-81.53
TAO/USDT,24,62,21,-31.17
TON/USDT,24,62,21,-5.31
BTC/USDT,24,62,22,295.04
ETH/USDT,24,62,22,448.23
DOGE/USDT,24,62,22,524.89
NEAR/USDT,24,62,22,-43.65
TIA/USDT,24,62,22,-71.37
TAO/USDT,24,62,22,-25.9
TON/USDT,24,62,22,-7.11
ETH/USDT,24,62,23,426.75
BTC/USDT,24,62,23,283.31
DOGE/USDT,24,62,23,552.35
NEAR/USDT,24,62,23,-44.74
TIA/USDT,24,62,23,-78.19
TAO/USDT,24,62,23,-14.33
TON/USDT,24,62,23,-7.28
BTC/USDT,24,62,24,261.94
ETH/USDT,24,62,24,439.88
DOGE/USDT,24,62,24,533.45
NEAR/USDT,24,62,24,-21.12
TIA/USDT,24,62,24,-73.32
TAO/USDT,24,62,24,-27.9
TON/USDT,24,62,24,-7.41
ETH/USDT,24,62,25,425.37
BTC/USDT,24,62,25,245.46
DOGE/USDT,24,62,25,548.19
NEAR/USDT,24,62,25,19.45
TIA/USDT,24,62,25,-54.8
TAO/USDT,24,62,25,-34.31
TON/USDT,24,62,25,-7.42
ETH/USDT,24,62,26,392.26
BTC/USDT,24,62,26,264.37
DOGE/USDT,24,62,26,507.13
NEAR/USDT,24,62,26,-10.25
TIA/USDT,24,62,26,-54.83
TAO/USDT,24,62,26,-52.44
TON/USDT,24,62,26,-7.62
ETH/USDT,24,62,27,373.51
BTC/USDT,24,62,27,273.34
DOGE/USDT,24,62,27,480.0
NEAR/USDT,24,62,27,-78.0
TIA/USDT,24,62,27,-73.13
TAO/USDT,24,62,27,-49.05
TON/USDT,24,62,27,-11.74
ETH/USDT,24,62,28,368.17
BTC/USDT,24,62,28,267.87
DOGE/USDT,24,62,28,460.37
NEAR/USDT,24,62,28,-92.9
TIA/USDT,24,62,28,-62.38
TAO/USDT,24,62,28,-45.52
TON/USDT,24,62,28,-11.21
ETH/USDT,24,62,29,358.04
BTC/USDT,24,62,29,278.23
DOGE/USDT,24,62,29,405.26
NEAR/USDT,24,62,29,-85.84
TIA/USDT,24,62,29,-49.16
TAO/USDT,24,62,29,-45.17
TON/USDT,24,62,29,-12.38
ETH/USDT,24,63,17,441.58
BTC/USDT,24,63,17,258.72
DOGE/USDT,24,63,17,587.65
NEAR/USDT,24,63,17,-5.81
TIA/USDT,24,63,17,-60.1
TAO/USDT,24,63,17,-3.07
TON/USDT,24,63,17,-9.36
ETH/USDT,24,63,18,431.49
BTC/USDT,24,63,18,270.31
DOGE/USDT,24,63,18,606.2
NEAR/USDT,24,63,18,-5.85
TIA/USDT,24,63,18,-33.95
TAO/USDT,24,63,18,-9.66
TON/USDT,24,63,18,-4.45
BTC/USDT,24,63,19,289.55
ETH/USDT,24,63,19,481.37
DOGE/USDT,24,63,19,554.28
NEAR/USDT,24,63,19,-14.45
TIA/USDT,24,63,19,-43.73
TAO/USDT,24,63,19,-18.04
TON/USDT,24,63,19,-5.53
BTC/USDT,24,63,20,299.7
ETH/USDT,24,63,20,495.07
DOGE/USDT,24,63,20,529.67
NEAR/USDT,24,63,20,-92.67
TIA/USDT,24,63,20,-62.96
TAO/USDT,24,63,20,-34.21
TON/USDT,24,63,20,-5.31
BTC/USDT,24,63,21,300.52
ETH/USDT,24,63,21,512.88
DOGE/USDT,24,63,21,562.17
NEAR/USDT,24,63,21,-47.96
TIA/USDT,24,63,21,-86.16
TAO/USDT,24,63,21,-31.17
TON/USDT,24,63,21,-5.31
BTC/USDT,24,63,22,305.99
ETH/USDT,24,63,22,461.49
DOGE/USDT,24,63,22,531.68
NEAR/USDT,24,63,22,-41.45
TIA/USDT,24,63,22,-69.44
TAO/USDT,24,63,22,-17.45
TON/USDT,24,63,22,-7.23
ETH/USDT,24,63,23,454.03
BTC/USDT,24,63,23,286.38
DOGE/USDT,24,63,23,547.92
NEAR/USDT,24,63,23,-41.19
TIA/USDT,24,63,23,-82.48
TAO/USDT,24,63,23,-16.08
TON/USDT,24,63,23,-7.87
BTC/USDT,24,63,24,247.21
ETH/USDT,24,63,24,459.77
DOGE/USDT,24,63,24,538.97
NEAR/USDT,24,63,24,-19.77
TIA/USDT,24,63,24,-69.26
TAO/USDT,24,63,24,-30.79
TON/USDT,24,63,24,-7.41
BTC/USDT,24,63,25,259.5
ETH/USDT,24,63,25,430.74
DOGE/USDT,24,63,25,547.98
NEAR/USDT,24,63,25,6.37
TIA/USDT,24,63,25,-53.7
TAO/USDT,24,63,25,-32.78
TON/USDT,24,63,25,-7.42
ETH/USDT,24,63,26,376.6
BTC/USDT,24,63,26,274.11
DOGE/USDT,24,63,26,502.67
NEAR/USDT,24,63,26,0.69
TIA/USDT,24,63,26,-44.06
TAO/USDT,24,63,26,-47.83
TON/USDT,24,63,26,-10.89
ETH/USDT,24,63,27,353.77
BTC/USDT,24,63,27,296.65
DOGE/USDT,24,63,27,487.54
NEAR/USDT,24,63,27,-64.89
TIA/USDT,24,63,27,-65.64
TAO/USDT,24,63,27,-47.2
TON/USDT,24,63,27,-9.8
ETH/USDT,24,63,28,357.69
BTC/USDT,24,63,28,278.61
DOGE/USDT,24,63,28,435.77
NEAR/USDT,24,63,28,-122.38
TIA/USDT,24,63,28,-64.7
TAO/USDT,24,63,28,-46.83
TON/USDT,24,63,28,-8.33
ETH/USDT,24,63,29,361.32
BTC/USDT,24,63,29,260.92
DOGE/USDT,24,63,29,353.37
NEAR/USDT,24,63,29,-109.83
TIA/USDT,24,63,29,-48.76
TAO/USDT,24,63,29,-45.17
TON/USDT,24,63,29,-7.3
ETH/USDT,24,64,17,419.3
BTC/USDT,24,64,17,262.59
DOGE/USDT,24,64,17,576.8
NEAR/USDT,24,64,17,-36.1
TIA/USDT,24,64,17,-60.51
TAO/USDT,24,64,17,-4.86
TON/USDT,24,64,17,-8.79
ETH/USDT,24,64,18,468.38
BTC/USDT,24,64,18,270.0
DOGE/USDT,24,64,18,595.9
NEAR/USDT,24,64,18,36.52
TIA/USDT,24,64,18,-36.79
TAO/USDT,24,64,18,-13.09
TON/USDT,24,64,18,-6.51
BTC/USDT,24,64,19,273.64
ETH/USDT,24,64,19,464.63
DOGE/USDT,24,64,19,561.7
NEAR/USDT,24,64,19,-2.55
TIA/USDT,24,64,19,-42.07
TAO/USDT,24,64,19,-17.17
TON/USDT,24,64,19,-6.67
BTC/USDT,24,64,20,302.73
ETH/USDT,24,64,20,485.85
DOGE/USDT,24,64,20,511.93
NEAR/USDT,24,64,20,-48.56
TIA/USDT,24,64,20,-62.8
TAO/USDT,24,64,20,-32.3
TON/USDT,24,64,20,-7.17
BTC/USDT,24,64,21,307.73
ETH/USDT,24,64,21,518.24
DOGE/USDT,24,64,21,565.71
NEAR/USDT,24,64,21,-29.6
TIA/USDT,24,64,21,-94.48
TAO/USDT,24,64,21,-32.86
TON/USDT,24,64,21,-8.78
BTC/USDT,24,64,22,294.96
ETH/USDT,24,64,22,465.64
DOGE/USDT,24,64,22,501.84
NEAR/USDT,24,64,22,-15.27
TIA/USDT,24,64,22,-74.65
TAO/USDT,24,64,22,-18.1
TON/USDT,24,64,22,-7.96
ETH/USDT,24,64,23,453.35
BTC/USDT,24,64,23,263.92
DOGE/USDT,24,64,23,502.47
NEAR/USDT,24,64,23,-52.94
TIA/USDT,24,64,23,-77.7
TAO/USDT,24,64,23,-24.09
TON/USDT,24,64,23,-7.87
BTC/USDT,24,64,24,248.93
ETH/USDT,24,64,24,453.93
DOGE/USDT,24,64,24,544.55
NEAR/USDT,24,64,24,-16.1
TIA/USDT,24,64,24,-66.72
TAO/USDT,24,64,24,-29.45
TON/USDT,24,64,24,-7.41
BTC/USDT,24,64,25,266.58
ETH/USDT,24,64,25,447.63
DOGE/USDT,24,64,25,533.04
NEAR/USDT,24,64,25,-20.49
TIA/USDT,24,64,25,-59.94
TAO/USDT,24,64,25,-25.44
TON/USDT,24,64,25,-9.02
ETH/USDT,24,64,26,377.24
BTC/USDT,24,64,26,268.64
DOGE/USDT,24,64,26,506.87
NEAR/USDT,24,64,26,-0.16
TIA/USDT,24,64,26,-35.24
TAO/USDT,24,64,26,-47.62
TON/USDT,24,64,26,-11.74
ETH/USDT,24,64,27,351.6
BTC/USDT,24,64,27,280.55
DOGE/USDT,24,64,27,456.81
NEAR/USDT,24,64,27,-65.09
TIA/USDT,24,64,27,-57.43
TAO/USDT,24,64,27,-42.54
TON/USDT,24,64,27,-10.71
ETH/USDT,24,64,28,356.07
BTC/USDT,24,64,28,286.42
DOGE/USDT,24,64,28,417.41
NEAR/USDT,24,64,28,-122.17
TIA/USDT,24,64,28,-55.34
TAO/USDT,24,64,28,-38.11
TON/USDT,24,64,28,-8.55
ETH/USDT,24,64,29,383.5
BTC/USDT,24,64,29,266.72
DOGE/USDT,24,64,29,387.74
NEAR/USDT,24,64,29,-83.17
TIA/USDT,24,64,29,-38.0
TAO/USDT,24,64,29,-36.46
TON/USDT,24,64,29,-7.3
ETH/USDT,24,65,17,423.19
BTC/USDT,24,65,17,269.23
DOGE/USDT,24,65,17,580.33
NEAR/USDT,24,65,17,-35.6
TIA/USDT,24,65,17,-48.92
TAO/USDT,24,65,17,-2.0
TON/USDT,24,65,17,-10.13
ETH/USDT,24,65,18,466.74
BTC/USDT,24,65,18,258.76
DOGE/USDT,24,65,18,562.17
NEAR/USDT,24,65,18,7.13
TIA/USDT,24,65,18,-39.78
TAO/USDT,24,65,18,-8.55
TON/USDT,24,65,18,-9.13
BTC/USDT,24,65,19,277.42
ETH/USDT,24,65,19,449.33
DOGE/USDT,24,65,19,553.5
NEAR/USDT,24,65,19,21.98
TIA/USDT,24,65,19,-64.57
TAO/USDT,24,65,19,-17.85
TON/USDT,24,65,19,-6.67
BTC/USDT,24,65,20,310.12
ETH/USDT,24,65,20,476.13
DOGE/USDT,24,65,20,490.41
NEAR/USDT,24,65,20,-18.46
TIA/USDT,24,65,20,-74.32
TAO/USDT,24,65,20,-31.99
TON/USDT,24,65,20,-7.17
BTC/USDT,24,65,21,296.61
ETH/USDT,24,65,21,526.18
DOGE/USDT,24,65,21,574.19
NEAR/USDT,24,65,21,-31.69
TIA/USDT,24,65,21,-100.09
TAO/USDT,24,65,21,-25.53
TON/USDT,24,65,21,-7.85
BTC/USDT,24,65,22,291.81
ETH/USDT,24,65,22,464.67
DOGE/USDT,24,65,22,496.58
NEAR/USDT,24,65,22,-6.01
TIA/USDT,24,65,22,-72.36
TAO/USDT,24,65,22,-19.33
TON/USDT,24,65,22,-8.44
ETH/USDT,24,65,23,466.33
BTC/USDT,24,65,23,276.42
DOGE/USDT,24,65,23,515.38
NEAR/USDT,24,65,23,-46.7
TIA/USDT,24,65,23,-68.77
TAO/USDT,24,65,23,-28.17
TON/USDT,24,65,23,-7.18
BTC/USDT,24,65,24,253.22
ETH/USDT,24,65,24,450.01
DOGE/USDT,24,65,24,563.27
NEAR/USDT,24,65,24,-19.14
TIA/USDT,24,65,24,-54.62
TAO/USDT,24,65,24,-29.25
TON/USDT,24,65,24,-8.82
BTC/USDT,24,65,25,267.54
ETH/USDT,24,65,25,451.41
DOGE/USDT,24,65,25,525.15
NEAR/USDT,24,65,25,-18.59
TIA/USDT,24,65,25,-54.27
TAO/USDT,24,65,25,-13.23
TON/USDT,24,65,25,-9.02
ETH/USDT,24,65,26,371.27
BTC/USDT,24,65,26,262.04
DOGE/USDT,24,65,26,495.95
NEAR/USDT,24,65,26,-36.52
TIA/USDT,24,65,26,-32.58
TAO/USDT,24,65,26,-27.16
TON/USDT,24,65,26,-11.74
ETH/USDT,24,65,27,342.07
BTC/USDT,24,65,27,282.78
DOGE/USDT,24,65,27,479.91
NEAR/USDT,24,65,27,-68.15
TIA/USDT,24,65,27,-49.44
TAO/USDT,24,65,27,-37.97
TON/USDT,24,65,27,-8.05
ETH/USDT,24,65,28,376.56
BTC/USDT,24,65,28,291.22
DOGE/USDT,24,65,28,445.0
NEAR/USDT,24,65,28,-163.55
TIA/USDT,24,65,28,-51.48
TAO/USDT,24,65,28,-38.11
TON/USDT,24,65,28,-6.35
ETH/USDT,24,65,29,387.15
BTC/USDT,24,65,29,259.07
DOGE/USDT,24,65,29,394.19
NEAR/USDT,24,65,29,-83.56
TIA/USDT,24,65,29,-43.64
TAO/USDT,24,65,29,-35.16
TON/USDT,24,65,29,-7.3
ETH/USDT,24,66,17,409.86
BTC/USDT,24,66,17,266.62
DOGE/USDT,24,66,17,565.95
NEAR/USDT,24,66,17,-13.7
TIA/USDT,24,66,17,-55.49
TAO/USDT,24,66,17,-3.11
TON/USDT,24,66,17,-10.13
ETH/USDT,24,66,18,471.46
BTC/USDT,24,66,18,244.68
DOGE/USDT,24,66,18,566.9
NEAR/USDT,24,66,18,24.94
TIA/USDT,24,66,18,-35.45
TAO/USDT,24,66,18,-10.15
TON/USDT,24,66,18,-9.13
BTC/USDT,24,66,19,260.87
ETH/USDT,24,66,19,461.68
DOGE/USDT,24,66,19,551.45
NEAR/USDT,24,66,19,18.52
TIA/USDT,24,66,19,-68.13
TAO/USDT,24,66,19,-19.61
TON/USDT,24,66,19,-6.67
BTC/USDT,24,66,20,315.51
ETH/USDT,24,66,20,512.73
DOGE/USDT,24,66,20,498.36
NEAR/USDT,24,66,20,-31.6
TIA/USDT,24,66,20,-80.46
TAO/USDT,24,66,20,-25.75
TON/USDT,24,66,20,-11.22
BTC/USDT,24,66,21,296.12
ETH/USDT,24,66,21,517.26
DOGE/USDT,24,66,21,554.67
NEAR/USDT,24,66,21,-48.08
TIA/USDT,24,66,21,-94.14
TAO/USDT,24,66,21,-24.49
TON/USDT,24,66,21,-8.0
BTC/USDT,24,66,22,298.96
ETH/USDT,24,66,22,482.53
DOGE/USDT,24,66,22,519.7
NEAR/USDT,24,66,22,-4.01
TIA/USDT,24,66,22,-69.64
TAO/USDT,24,66,22,-27.31
TON/USDT,24,66,22,-9.1
ETH/USDT,24,66,23,461.5
BTC/USDT,24,66,23,274.94
DOGE/USDT,24,66,23,499.18
NEAR/USDT,24,66,23,-37.95
TIA/USDT,24,66,23,-58.02
TAO/USDT,24,66,23,-30.04
TON/USDT,24,66,23,-7.41
BTC/USDT,24,66,24,246.79
ETH/USDT,24,66,24,443.84
DOGE/USDT,24,66,24,558.58
NEAR/USDT,24,66,24,-9.9
TIA/USDT,24,66,24,-52.13
TAO/USDT,24,66,24,-13.01
TON/USDT,24,66,24,-8.82
BTC/USDT,24,66,25,261.29
ETH/USDT,24,66,25,437.52
DOGE/USDT,24,66,25,530.11
NEAR/USDT,24,66,25,-29.91
TIA/USDT,24,66,25,-55.94
TAO/USDT,24,66,25,-13.23
TON/USDT,24,66,25,-9.02
ETH/USDT,24,66,26,369.7
BTC/USDT,24,66,26,268.14
DOGE/USDT,24,66,26,492.67
NEAR/USDT,24,66,26,-15.67
TIA/USDT,24,66,26,-22.92
TAO/USDT,24,66,26,-34.88
TON/USDT,24,66,26,-8.86
ETH/USDT,24,66,27,349.13
BTC/USDT,24,66,27,283.94
DOGE/USDT,24,66,27,490.57
NEAR/USDT,24,66,27,-35.79
TIA/USDT,24,66,27,-51.81
TAO/USDT,24,66,27,-33.88
TON/USDT,24,66,27,-5.85
ETH/USDT,24,66,28,389.19
BTC/USDT,24,66,28,275.42
DOGE/USDT,24,66,28,445.82
NEAR/USDT,24,66,28,-130.49
TIA/USDT,24,66,28,-48.75
TAO/USDT,24,66,28,-38.82
TON/USDT,24,66,28,-6.35
ETH/USDT,24,66,29,401.78
BTC/USDT,24,66,29,260.77
DOGE/USDT,24,66,29,422.57
NEAR/USDT,24,66,29,-63.98
TIA/USDT,24,66,29,-34.09
TAO/USDT,24,66,29,-43.66
TON/USDT,24,66,29,-6.35
ETH/USDT,24,67,17,423.4
BTC/USDT,24,67,17,243.03
DOGE/USDT,24,67,17,569.05
NEAR/USDT,24,67,17,-2.5
TIA/USDT,24,67,17,-49.01
TAO/USDT,24,67,17,-0.75
TON/USDT,24,67,17,-10.93
ETH/USDT,24,67,18,458.65
BTC/USDT,24,67,18,252.12
DOGE/USDT,24,67,18,548.85
NEAR/USDT,24,67,18,13.22
TIA/USDT,24,67,18,-41.76
TAO/USDT,24,67,18,-12.57
TON/USDT,24,67,18,-10.2
BTC/USDT,24,67,19,268.39
ETH/USDT,24,67,19,444.79
DOGE/USDT,24,67,19,535.93
NEAR/USDT,24,67,19,18.33
TIA/USDT,24,67,19,-70.19
TAO/USDT,24,67,19,-20.43
TON/USDT,24,67,19,-7.24
BTC/USDT,24,67,20,302.07
ETH/USDT,24,67,20,509.46
DOGE/USDT,24,67,20,521.12
NEAR/USDT,24,67,20,-27.45
TIA/USDT,24,67,20,-81.13
TAO/USDT,24,67,20,-17.08
TON/USDT,24,67,20,-8.84
BTC/USDT,24,67,21,321.5
ETH/USDT,24,67,21,502.39
DOGE/USDT,24,67,21,545.5
NEAR/USDT,24,67,21,-37.05
TIA/USDT,24,67,21,-89.82
TAO/USDT,24,67,21,-14.62
TON/USDT,24,67,21,-8.0
BTC/USDT,24,67,22,319.85
ETH/USDT,24,67,22,502.85
DOGE/USDT,24,67,22,523.51
NEAR/USDT,24,67,22,-32.69
TIA/USDT,24,67,22,-61.55
TAO/USDT,24,67,22,-16.11
TON/USDT,24,67,22,-8.01
BTC/USDT,24,67,23,270.62
ETH/USDT,24,67,23,484.65
DOGE/USDT,24,67,23,489.16
NEAR/USDT,24,67,23,-50.84
TIA/USDT,24,67,23,-58.46
TAO/USDT,24,67,23,-24.28
TON/USDT,24,67,23,-7.41
BTC/USDT,24,67,24,251.9
ETH/USDT,24,67,24,462.61
DOGE/USDT,24,67,24,579.7
NEAR/USDT,24,67,24,-38.68
TIA/USDT,24,67,24,-56.47
TAO/USDT,24,67,24,-12.72
TON/USDT,24,67,24,-8.82
BTC/USDT,24,67,25,255.57
ETH/USDT,24,67,25,430.66
DOGE/USDT,24,67,25,497.54
NEAR/USDT,24,67,25,-35.55
TIA/USDT,24,67,25,-40.12
TAO/USDT,24,67,25,-4.24
TON/USDT,24,67,25,-7.12
ETH/USDT,24,67,26,397.35
BTC/USDT,24,67,26,238.99
DOGE/USDT,24,67,26,499.49
NEAR/USDT,24,67,26,-12.01
TIA/USDT,24,67,26,-22.45
TAO/USDT,24,67,26,-34.14
TON/USDT,24,67,26,-6.92
ETH/USDT,24,67,27,351.31
BTC/USDT,24,67,27,295.76
DOGE/USDT,24,67,27,467.92
NEAR/USDT,24,67,27,-55.2
TIA/USDT,24,67,27,-45.36
TAO/USDT,24,67,27,-34.38
TON/USDT,24,67,27,-6.15
ETH/USDT,24,67,28,384.27
BTC/USDT,24,67,28,277.94
DOGE/USDT,24,67,28,424.06
NEAR/USDT,24,67,28,-139.42
TIA/USDT,24,67,28,-44.37
TAO/USDT,24,67,28,-36.06
TON/USDT,24,67,28,-6.35
ETH/USDT,24,67,29,413.76
BTC/USDT,24,67,29,268.93
DOGE/USDT,24,67,29,416.93
NEAR/USDT,24,67,29,-71.55
TIA/USDT,24,67,29,-36.85
TAO/USDT,24,67,29,-37.57
TON/USDT,24,67,29,-6.35
ETH/USDT,24,68,17,424.55
BTC/USDT,24,68,17,219.0
DOGE/USDT,24,68,17,566.98
NEAR/USDT,24,68,17,21.7
TIA/USDT,24,68,17,-44.56
TAO/USDT,24,68,17,0.89
TON/USDT,24,68,17,-11.09
ETH/USDT,24,68,18,467.48
BTC/USDT,24,68,18,265.0
DOGE/USDT,24,68,18,529.69
NEAR/USDT,24,68,18,20.27
TIA/USDT,24,68,18,-40.77
TAO/USDT,24,68,18,-17.74
TON/USDT,24,68,18,-10.78
BTC/USDT,24,68,19,269.99
ETH/USDT,24,68,19,450.05
DOGE/USDT,24,68,19,535.49
NEAR/USDT,24,68,19,2.96
TIA/USDT,24,68,19,-72.39
TAO/USDT,24,68,19,-18.02
TON/USDT,24,68,19,-7.24
BTC/USDT,24,68,20,297.69
ETH/USDT,24,68,20,519.84
DOGE/USDT,24,68,20,494.78
NEAR/USDT,24,68,20,2.26
TIA/USDT,24,68,20,-71.83
TAO/USDT,24,68,20,-5.93
TON/USDT,24,68,20,-8.84
BTC/USDT,24,68,21,327.69
ETH/USDT,24,68,21,492.88
DOGE/USDT,24,68,21,538.79
NEAR/USDT,24,68,21,-30.75
TIA/USDT,24,68,21,-84.76
TAO/USDT,24,68,21,-14.62
TON/USDT,24,68,21,-8.0
BTC/USDT,24,68,22,310.99
ETH/USDT,24,68,22,504.91
DOGE/USDT,24,68,22,546.51
NEAR/USDT,24,68,22,-42.87
TIA/USDT,24,68,22,-65.09
TAO/USDT,24,68,22,-17.13
TON/USDT,24,68,22,-8.01
BTC/USDT,24,68,23,269.66
ETH/USDT,24,68,23,472.07
DOGE/USDT,24,68,23,513.48
NEAR/USDT,24,68,23,-72.61
TIA/USDT,24,68,23,-62.68
TAO/USDT,24,68,23,-10.94
TON/USDT,24,68,23,-7.41
BTC/USDT,24,68,24,254.31
ETH/USDT,24,68,24,471.22
DOGE/USDT,24,68,24,554.69
NEAR/USDT,24,68,24,-72.06
TIA/USDT,24,68,24,-51.46
TAO/USDT,24,68,24,-7.61
TON/USDT,24,68,24,-5.94
BTC/USDT,24,68,25,238.56
ETH/USDT,24,68,25,420.41
DOGE/USDT,24,68,25,499.48
NEAR/USDT,24,68,25,-60.39
TIA/USDT,24,68,25,-40.69
TAO/USDT,24,68,25,-23.64
TON/USDT,24,68,25,-8.99
ETH/USDT,24,68,26,410.68
BTC/USDT,24,68,26,271.43
DOGE/USDT,24,68,26,496.4
NEAR/USDT,24,68,26,-40.62
TIA/USDT,24,68,26,-33.84
TAO/USDT,24,68,26,-30.22
TON/USDT,24,68,26,-7.83
ETH/USDT,24,68,27,356.46
BTC/USDT,24,68,27,284.17
DOGE/USDT,24,68,27,467.03
NEAR/USDT,24,68,27,-35.39
TIA/USDT,24,68,27,-43.06
TAO/USDT,24,68,27,-33.14
TON/USDT,24,68,27,-6.47
ETH/USDT,24,68,28,393.5
BTC/USDT,24,68,28,277.65
DOGE/USDT,24,68,28,431.46
NEAR/USDT,24,68,28,-108.78
TIA/USDT,24,68,28,-34.19
TAO/USDT,24,68,28,-43.88
TON/USDT,24,68,28,-6.35
ETH/USDT,24,68,29,407.21
BTC/USDT,24,68,29,261.67
DOGE/USDT,24,68,29,400.01
NEAR/USDT,24,68,29,-80.92
TIA/USDT,24,68,29,-28.14
TAO/USDT,24,68,29,-36.26
TON/USDT,24,68,29,-7.28
ETH/USDT,24,69,17,423.23
BTC/USDT,24,69,17,230.46
DOGE/USDT,24,69,17,583.7
NEAR/USDT,24,69,17,25.95
TIA/USDT,24,69,17,-34.53
TAO/USDT,24,69,17,-1.57
TON/USDT,24,69,17,-13.53
ETH/USDT,24,69,18,463.38
BTC/USDT,24,69,18,256.39
DOGE/USDT,24,69,18,559.18
NEAR/USDT,24,69,18,19.09
TIA/USDT,24,69,18,-48.86
TAO/USDT,24,69,18,-16.45
TON/USDT,24,69,18,-10.78
BTC/USDT,24,69,19,269.47
ETH/USDT,24,69,19,458.26
DOGE/USDT,24,69,19,535.69
NEAR/USDT,24,69,19,9.06
TIA/USDT,24,69,19,-56.19
TAO/USDT,24,69,19,-14.16
TON/USDT,24,69,19,-7.3
BTC/USDT,24,69,20,288.92
ETH/USDT,24,69,20,482.58
DOGE/USDT,24,69,20,500.8
NEAR/USDT,24,69,20,-5.85
TIA/USDT,24,69,20,-64.03
TAO/USDT,24,69,20,-12.11
TON/USDT,24,69,20,-7.33
BTC/USDT,24,69,21,322.26
ETH/USDT,24,69,21,518.45
DOGE/USDT,24,69,21,538.32
NEAR/USDT,24,69,21,-48.74
TIA/USDT,24,69,21,-85.61
TAO/USDT,24,69,21,-14.37
TON/USDT,24,69,21,-8.46
BTC/USDT,24,69,22,320.33
ETH/USDT,24,69,22,513.61
DOGE/USDT,24,69,22,547.72
NEAR/USDT,24,69,22,-54.06
TIA/USDT,24,69,22,-73.83
TAO/USDT,24,69,22,-11.36
TON/USDT,24,69,22,-6.96
ETH/USDT,24,69,23,474.3
BTC/USDT,24,69,23,277.83
DOGE/USDT,24,69,23,515.02
NEAR/USDT,24,69,23,-68.35
TIA/USDT,24,69,23,-66.23
TAO/USDT,24,69,23,-11.38
TON/USDT,24,69,23,-4.53
BTC/USDT,24,69,24,254.08
ETH/USDT,24,69,24,464.44
DOGE/USDT,24,69,24,536.63
NEAR/USDT,24,69,24,-67.35
TIA/USDT,24,69,24,-46.13
TAO/USDT,24,69,24,-7.61
TON/USDT,24,69,24,-5.94
BTC/USDT,24,69,25,274.1
ETH/USDT,24,69,25,443.19
DOGE/USDT,24,69,25,507.11
NEAR/USDT,24,69,25,-36.66
TIA/USDT,24,69,25,-41.59
TAO/USDT,24,69,25,-23.81
TON/USDT,24,69,25,-9.34
ETH/USDT,24,69,26,418.29
BTC/USDT,24,69,26,265.62
DOGE/USDT,24,69,26,501.18
NEAR/USDT,24,69,26,-8.06
TIA/USDT,24,69,26,-42.99
TAO/USDT,24,69,26,-30.22
TON/USDT,24,69,26,-7.83
ETH/USDT,24,69,27,343.5
BTC/USDT,24,69,27,264.15
DOGE/USDT,24,69,27,430.52
NEAR/USDT,24,69,27,-28.94
TIA/USDT,24,69,27,-32.37
TAO/USDT,24,69,27,-29.16
TON/USDT,24,69,27,-8.18
ETH/USDT,24,69,28,387.32
BTC/USDT,24,69,28,258.74
DOGE/USDT,24,69,28,419.73
NEAR/USDT,24,69,28,-73.49
TIA/USDT,24,69,28,-27.08
TAO/USDT,24,69,28,-42.52
TON/USDT,24,69,28,-8.18
ETH/USDT,24,69,29,418.26
BTC/USDT,24,69,29,274.71
DOGE/USDT,24,69,29,403.25
NEAR/USDT,24,69,29,-98.21
TIA/USDT,24,69,29,-22.26
TAO/USDT,24,69,29,-32.99
TON/USDT,24,69,29,-7.28
ETH/USDT,24,70,17,463.23
BTC/USDT,24,70,17,244.15
DOGE/USDT,24,70,17,579.51
NEAR/USDT,24,70,17,47.83
TIA/USDT,24,70,17,-35.35
TAO/USDT,24,70,17,-3.9
TON/USDT,24,70,17,-12.73
ETH/USDT,24,70,18,468.95
BTC/USDT,24,70,18,258.77
DOGE/USDT,24,70,18,542.72
NEAR/USDT,24,70,18,-6.73
TIA/USDT,24,70,18,-44.89
TAO/USDT,24,70,18,-3.77
TON/USDT,24,70,18,-10.22
BTC/USDT,24,70,19,268.84
ETH/USDT,24,70,19,456.97
DOGE/USDT,24,70,19,521.4
NEAR/USDT,24,70,19,14.13
TIA/USDT,24,70,19,-58.16
TAO/USDT,24,70,19,-20.43
TON/USDT,24,70,19,-9.17
BTC/USDT,24,70,20,297.17
ETH/USDT,24,70,20,477.28
DOGE/USDT,24,70,20,505.75
NEAR/USDT,24,70,20,14.13
TIA/USDT,24,70,20,-60.65
TAO/USDT,24,70,20,-12.73
TON/USDT,24,70,20,-7.42
BTC/USDT,24,70,21,329.84
ETH/USDT,24,70,21,516.13
DOGE/USDT,24,70,21,572.63
NEAR/USDT,24,70,21,-58.75
TIA/USDT,24,70,21,-83.19
TAO/USDT,24,70,21,-12.33
TON/USDT,24,70,21,-8.46
BTC/USDT,24,70,22,318.57
ETH/USDT,24,70,22,533.3
DOGE/USDT,24,70,22,514.47
NEAR/USDT,24,70,22,-59.94
TIA/USDT,24,70,22,-74.13
TAO/USDT,24,70,22,-9.3
TON/USDT,24,70,22,-4.08
BTC/USDT,24,70,23,277.64
ETH/USDT,24,70,23,482.66
DOGE/USDT,24,70,23,503.59
NEAR/USDT,24,70,23,-61.53
TIA/USDT,24,70,23,-61.44
TAO/USDT,24,70,23,-8.86
TON/USDT,24,70,23,-6.1
BTC/USDT,24,70,24,282.73
ETH/USDT,24,70,24,500.57
DOGE/USDT,24,70,24,539.68
NEAR/USDT,24,70,24,-59.48
TIA/USDT,24,70,24,-42.35
TAO/USDT,24,70,24,-15.89
TON/USDT,24,70,24,-6.13
BTC/USDT,24,70,25,257.04
ETH/USDT,24,70,25,446.66
DOGE/USDT,24,70,25,499.41
NEAR/USDT,24,70,25,-21.51
TIA/USDT,24,70,25,-60.54
TAO/USDT,24,70,25,-29.87
TON/USDT,24,70,25,-10.25
ETH/USDT,24,70,26,416.15
BTC/USDT,24,70,26,265.89
DOGE/USDT,24,70,26,473.67
NEAR/USDT,24,70,26,7.5
TIA/USDT,24,70,26,-43.32
TAO/USDT,24,70,26,-28.4
TON/USDT,24,70,26,-7.83
ETH/USDT,24,70,27,319.89
BTC/USDT,24,70,27,264.57
DOGE/USDT,24,70,27,426.68
NEAR/USDT,24,70,27,-8.85
TIA/USDT,24,70,27,-25.36
TAO/USDT,24,70,27,-25.27
TON/USDT,24,70,27,-8.18
ETH/USDT,24,70,28,369.25
BTC/USDT,24,70,28,283.16
DOGE/USDT,24,70,28,421.17
NEAR/USDT,24,70,28,-68.5
TIA/USDT,24,70,28,-27.41
TAO/USDT,24,70,28,-39.51
TON/USDT,24,70,28,-9.19
ETH/USDT,24,70,29,420.03
BTC/USDT,24,70,29,283.44
DOGE/USDT,24,70,29,386.18
NEAR/USDT,24,70,29,-83.19
TIA/USDT,24,70,29,-22.26
TAO/USDT,24,70,29,-39.12
TON/USDT,24,70,29,-6.35
ETH/USDT,24,71,17,445.46
BTC/USDT,24,71,17,244.95
DOGE/USDT,24,71,17,578.29
NEAR/USDT,24,71,17,25.9
TIA/USDT,24,71,17,-36.91
TAO/USDT,24,71,17,5.32
TON/USDT,24,71,17,-12.73
ETH/USDT,24,71,18,463.77
BTC/USDT,24,71,18,263.19
DOGE/USDT,24,71,18,551.28
NEAR/USDT,24,71,18,-7.6
TIA/USDT,24,71,18,-51.05
TAO/USDT,24,71,18,1.5
TON/USDT,24,71,18,-9.57
BTC/USDT,24,71,19,268.54
ETH/USDT,24,71,19,442.74
DOGE/USDT,24,71,19,524.43
NEAR/USDT,24,71,19,11.29
TIA/USDT,24,71,19,-48.94
TAO/USDT,24,71,19,-20.44
TON/USDT,24,71,19,-11.89
BTC/USDT,24,71,20,316.67
ETH/USDT,24,71,20,493.98
DOGE/USDT,24,71,20,519.19
NEAR/USDT,24,71,20,25.63
TIA/USDT,24,71,20,-53.19
TAO/USDT,24,71,20,-10.98
TON/USDT,24,71,20,-4.55
BTC/USDT,24,71,21,320.8
ETH/USDT,24,71,21,531.35
DOGE/USDT,24,71,21,540.79
NEAR/USDT,24,71,21,-49.16
TIA/USDT,24,71,21,-76.87
TAO/USDT,24,71,21,-12.81
TON/USDT,24,71,21,-5.59
BTC/USDT,24,71,22,312.95
ETH/USDT,24,71,22,534.14
DOGE/USDT,24,71,22,518.14
NEAR/USDT,24,71,22,-72.63
TIA/USDT,24,71,22,-66.0
TAO/USDT,24,71,22,-12.47
TON/USDT,24,71,22,-5.44
BTC/USDT,24,71,23,286.6
ETH/USDT,24,71,23,486.28
DOGE/USDT,24,71,23,509.01
NEAR/USDT,24,71,23,-70.12
TIA/USDT,24,71,23,-51.88
TAO/USDT,24,71,23,-8.1
TON/USDT,24,71,23,-6.1
BTC/USDT,24,71,24,271.3
ETH/USDT,24,71,24,472.96
DOGE/USDT,24,71,24,499.7
NEAR/USDT,24,71,24,-25.18
TIA/USDT,24,71,24,-40.72
TAO/USDT,24,71,24,-2.34
TON/USDT,24,71,24,-5.94
BTC/USDT,24,71,25,251.47
ETH/USDT,24,71,25,463.58
DOGE/USDT,24,71,25,490.13
NEAR/USDT,24,71,25,8.97
TIA/USDT,24,71,25,-68.28
TAO/USDT,24,71,25,-29.87
TON/USDT,24,71,25,-10.25
ETH/USDT,24,71,26,400.9
BTC/USDT,24,71,26,258.89
DOGE/USDT,24,71,26,456.8
NEAR/USDT,24,71,26,5.53
TIA/USDT,24,71,26,-37.65
TAO/USDT,24,71,26,-30.4
TON/USDT,24,71,26,-7.83
ETH/USDT,24,71,27,360.87
BTC/USDT,24,71,27,264.17
DOGE/USDT,24,71,27,432.76
NEAR/USDT,24,71,27,-23.78
TIA/USDT,24,71,27,-23.63
TAO/USDT,24,71,27,-28.3
TON/USDT,24,71,27,-8.18
ETH/USDT,24,71,28,372.74
BTC/USDT,24,71,28,287.81
DOGE/USDT,24,71,28,397.07
NEAR/USDT,24,71,28,-59.62
TIA/USDT,24,71,28,-35.61
TAO/USDT,24,71,28,-40.46
TON/USDT,24,71,28,-9.19
ETH/USDT,24,71,29,384.65
BTC/USDT,24,71,29,282.03
DOGE/USDT,24,71,29,363.71
NEAR/USDT,24,71,29,-114.69
TIA/USDT,24,71,29,-25.68
TAO/USDT,24,71,29,-39.12
TON/USDT,24,71,29,-7.72
ETH/USDT,24,72,17,430.85
BTC/USDT,24,72,17,235.49
DOGE/USDT,24,72,17,592.01
NEAR/USDT,24,72,17,28.19
TIA/USDT,24,72,17,-42.77
TAO/USDT,24,72,17,5.57
TON/USDT,24,72,17,-13.93
ETH/USDT,24,72,18,434.69
BTC/USDT,24,72,18,273.03
DOGE/USDT,24,72,18,545.46
NEAR/USDT,24,72,18,2.01
TIA/USDT,24,72,18,-56.78
TAO/USDT,24,72,18,-0.72
TON/USDT,24,72,18,-8.5
BTC/USDT,24,72,19,290.98
ETH/USDT,24,72,19,474.17
DOGE/USDT,24,72,19,519.35
NEAR/USDT,24,72,19,14.57
TIA/USDT,24,72,19,-47.58
TAO/USDT,24,72,19,-10.58
TON/USDT,24,72,19,-7.87
BTC/USDT,24,72,20,286.26
ETH/USDT,24,72,20,499.54
DOGE/USDT,24,72,20,538.04
NEAR/USDT,24,72,20,25.39
TIA/USDT,24,72,20,-47.59
TAO/USDT,24,72,20,-10.79
TON/USDT,24,72,20,-5.01
BTC/USDT,24,72,21,324.38
ETH/USDT,24,72,21,517.19
DOGE/USDT,24,72,21,538.96
NEAR/USDT,24,72,21,1.87
TIA/USDT,24,72,21,-72.82
TAO/USDT,24,72,21,-5.29
TON/USDT,24,72,21,-7.44
BTC/USDT,24,72,22,324.62
ETH/USDT,24,72,22,556.13
DOGE/USDT,24,72,22,507.07
NEAR/USDT,24,72,22,-59.53
TIA/USDT,24,72,22,-67.17
TAO/USDT,24,72,22,-8.91
TON/USDT,24,72,22,-4.84
BTC/USDT,24,72,23,283.69
ETH/USDT,24,72,23,484.79
DOGE/USDT,24,72,23,508.97
NEAR/USDT,24,72,23,-78.14
TIA/USDT,24,72,23,-53.48
TAO/USDT,24,72,23,-1.52
TON/USDT,24,72,23,-6.1
BTC/USDT,24,72,24,269.48
ETH/USDT,24,72,24,479.83
DOGE/USDT,24,72,24,479.77
NEAR/USDT,24,72,24,-16.07
TIA/USDT,24,72,24,-42.1
TAO/USDT,24,72,24,-8.4
TON/USDT,24,72,24,-6.13
BTC/USDT,24,72,25,264.09
ETH/USDT,24,72,25,448.23
DOGE/USDT,24,72,25,497.41
NEAR/USDT,24,72,25,7.12
TIA/USDT,24,72,25,-66.77
TAO/USDT,24,72,25,-18.16
TON/USDT,24,72,25,-9.91
ETH/USDT,24,72,26,404.19
BTC/USDT,24,72,26,260.07
DOGE/USDT,24,72,26,444.68
NEAR/USDT,24,72,26,-3.18
TIA/USDT,24,72,26,-43.57
TAO/USDT,24,72,26,-32.42
TON/USDT,24,72,26,-11.08
ETH/USDT,24,72,27,374.21
BTC/USDT,24,72,27,268.31
DOGE/USDT,24,72,27,427.06
NEAR/USDT,24,72,27,6.67
TIA/USDT,24,72,27,-19.79
TAO/USDT,24,72,27,-28.3
TON/USDT,24,72,27,-8.18
ETH/USDT,24,72,28,356.32
BTC/USDT,24,72,28,287.02
DOGE/USDT,24,72,28,416.98
NEAR/USDT,24,72,28,-67.44
TIA/USDT,24,72,28,-36.65
TAO/USDT,24,72,28,-41.97
TON/USDT,24,72,28,-9.47
ETH/USDT,24,72,29,386.1
BTC/USDT,24,72,29,296.3
DOGE/USDT,24,72,29,366.05
NEAR/USDT,24,72,29,-101.56
TIA/USDT,24,72,29,-33.22
TAO/USDT,24,72,29,-41.0
TON/USDT,24,72,29,-8.16
ETH/USDT,24,73,17,458.33
BTC/USDT,24,73,17,243.69
DOGE/USDT,24,73,17,593.5
NEAR/USDT,24,73,17,43.06
TIA/USDT,24,73,17,-41.62
TAO/USDT,24,73,17,7.41
TON/USDT,24,73,17,-11.05
ETH/USDT,24,73,18,428.13
BTC/USDT,24,73,18,291.03
DOGE/USDT,24,73,18,551.16
NEAR/USDT,24,73,18,45.05
TIA/USDT,24,73,18,-58.41
TAO/USDT,24,73,18,-5.38
TON/USDT,24,73,18,-7.56
BTC/USDT,24,73,19,292.44
ETH/USDT,24,73,19,506.38
DOGE/USDT,24,73,19,517.33
NEAR/USDT,24,73,19,38.97
TIA/USDT,24,73,19,-50.74
TAO/USDT,24,73,19,-8.25
TON/USDT,24,73,19,-7.72
BTC/USDT,24,73,20,286.79
ETH/USDT,24,73,20,484.44
DOGE/USDT,24,73,20,547.47
NEAR/USDT,24,73,20,36.27
TIA/USDT,24,73,20,-72.62
TAO/USDT,24,73,20,-8.46
TON/USDT,24,73,20,-5.01
BTC/USDT,24,73,21,305.61
ETH/USDT,24,73,21,536.71
DOGE/USDT,24,73,21,530.66
NEAR/USDT,24,73,21,19.27
TIA/USDT,24,73,21,-70.79
TAO/USDT,24,73,21,-7.32
TON/USDT,24,73,21,-7.44
BTC/USDT,24,73,22,326.63
ETH/USDT,24,73,22,547.79
DOGE/USDT,24,73,22,511.84
NEAR/USDT,24,73,22,-42.03
TIA/USDT,24,73,22,-68.38
TAO/USDT,24,73,22,-9.94
TON/USDT,24,73,22,-4.84
BTC/USDT,24,73,23,301.35
ETH/USDT,24,73,23,489.43
DOGE/USDT,24,73,23,506.7
NEAR/USDT,24,73,23,-80.52
TIA/USDT,24,73,23,-45.53
TAO/USDT,24,73,23,-5.81
TON/USDT,24,73,23,-6.1
BTC/USDT,24,73,24,273.32
ETH/USDT,24,73,24,469.74
DOGE/USDT,24,73,24,468.22
NEAR/USDT,24,73,24,-24.91
TIA/USDT,24,73,24,-45.25
TAO/USDT,24,73,24,-8.83
TON/USDT,24,73,24,-6.13
BTC/USDT,24,73,25,267.49
ETH/USDT,24,73,25,438.51
DOGE/USDT,24,73,25,484.43
NEAR/USDT,24,73,25,13.88
TIA/USDT,24,73,25,-58.58
TAO/USDT,24,73,25,-15.96
TON/USDT,24,73,25,-9.26
ETH/USDT,24,73,26,421.37
BTC/USDT,24,73,26,272.24
DOGE/USDT,24,73,26,448.86
NEAR/USDT,24,73,26,-6.82
TIA/USDT,24,73,26,-50.46
TAO/USDT,24,73,26,-32.42
TON/USDT,24,73,26,-11.08
ETH/USDT,24,73,27,373.47
BTC/USDT,24,73,27,292.17
DOGE/USDT,24,73,27,442.8
NEAR/USDT,24,73,27,-6.16
TIA/USDT,24,73,27,-21.98
TAO/USDT,24,73,27,-39.52
TON/USDT,24,73,27,-8.18
ETH/USDT,24,73,28,351.08
BTC/USDT,24,73,28,295.55
DOGE/USDT,24,73,28,369.78
NEAR/USDT,24,73,28,-51.58
TIA/USDT,24,73,28,-38.38
TAO/USDT,24,73,28,-38.83
TON/USDT,24,73,28,-7.72
